frame_ms,thresh_db,min_speech,min_sil,noise_margin,lat_med,lat_mean,barge_in_rate,overlap_ratio,n_caller,min_valid,mean_priority_r
30,-46,0.1,0.2,18,0.9477166274501966,0.922605247979178,0.8945126334028558,0.887431615409501,0.7926913389668235,282,0.888991492641711
30,-46,0.1,0.3,18,0.9463319296786666,0.9265872205009421,0.9163431930702549,0.9267696771343424,0.8689196905557557,282,0.9169903421879922
30,-42,0.1,0.4,18,0.944589933065857,0.92407532570211,0.8941110664529914,0.9012370648094014,0.8599516323604102,282,0.9047930044781539
30,-46,0.1,0.4,18,0.9432659922603254,0.9328713526875526,0.9259983075932902,0.9383615764555623,0.8973743941828138,282,0.9275743246359088
30,-42,0.2,0.4,18,0.9428927734694581,0.9227978187103416,0.883400339261503,0.8975622683763218,0.8395419673936966,282,0.8972390334422642
30,-46,0.2,0.4,18,0.9426030303699678,0.9327674217466626,0.9158541553096585,0.9361627514056117,0.8905840033593019,282,0.9235942724382404
30,-46,0.2,0.2,18,0.9405421587303474,0.9270436016270227,0.8692993660040529,0.8739495759514699,0.7196722904776582,281,0.8661013985581102
30,-38,0.1,0.4,18,0.940244928816271,0.9164042950050079,0.8538319485654001,0.8531651305325504,0.7852309257658584,282,0.8697754457370175
30,-46,0.1,0.1,18,0.9390091755185163,0.9146672148288494,0.890797825599587,0.8707946004969284,0.752287153770299,282,0.873511194042836
30,-42,0.1,0.2,18,0.9383619517769914,0.9031132541861457,0.8595453769823503,0.8361241389517684,0.700518046964457,282,0.8475325537723426
30,-42,0.1,0.3,18,0.9368341431782637,0.9113373287234809,0.8843101381185301,0.8827352702406814,0.8047420160968723,282,0.8839917792715657
30,-38,0.2,0.4,18,0.9348269264061935,0.9136105065490757,0.8311842794711629,0.8431535050709784,0.737246563280867,282,0.8520043561556555
30,-42,0.2,0.2,18,0.9306381657613765,0.9042532828905421,0.8292846929971027,0.8122139826667929,0.5927409598552583,281,0.8138262168342145
30,-34,0.1,0.4,18,0.9298473911323872,0.893192985274218,0.8124976903498531,0.7843849517391779,0.6784217813513838,282,0.8196689599694039
20,-46,0.1,0.3,18,0.9297542420567075,0.9198740871403869,0.9285333705247142,0.9380557035243113,0.9088651279738306,282,0.9250165062439901
30,-46,0.3,0.4,18,0.9295467375313355,0.9208565487784781,0.89410950204996,0.9257675707849556,0.8591501361766041,282,0.9058860990642668
30,-46,0.1,0.25,18,0.9290441983015886,0.911052464599225,0.9004163157664967,0.9089942193744229,0.8222707020049139,282,0.8943555800093295
30,-42,0.1,0.1,18,0.9288036972985269,0.8945916337169889,0.8492623730645922,0.8168063452984213,0.6470595047852467,282,0.8273047108327554
30,-38,0.1,0.3,18,0.9281081300761173,0.8919413558154031,0.843742242054093,0.8239887095213317,0.6871778575492677,282,0.8349916590032425
30,-42,0.3,0.4,18,0.9276050405233711,0.9085709663875529,0.8563320704110489,0.8845723212391489,0.7931307059499706,282,0.8740422209022185
30,-46,0.2,0.1,12,0.9269916127767526,0.9156283605075036,0.8880062240769998,0.8687198394067976,0.8170326363608688,282,0.8832757346257847
30,-46,0.1,0.1,12,0.9269052036565042,0.9109241940224329,0.9152195560975162,0.8971478205112768,0.853898457776264,282,0.9008190464127989
20,-46,0.1,0.2,18,0.9233309155903776,0.904493964163785,0.9077285151165113,0.9135433331257761,0.8317953620177471,282,0.8961784180028394
30,-46,0.2,0.3,18,0.9228279713977023,0.9086868898715719,0.9039262996286932,0.9218396292103515,0.8355944591571373,282,0.8985750498530913
30,-38,0.3,0.4,18,0.9228058965905246,0.9003763862611618,0.8208297800807997,0.8347000605691897,0.6956552996476351,282,0.8348734846298621
20,-46,0.1,0.25,18,0.9227224759172035,0.900123301376695,0.9123380548490003,0.9234322324258264,0.8452824729591094,282,0.9007797075055668
30,-46,0.2,0.25,18,0.921497864168832,0.9033160983009696,0.8832561604933938,0.9014572575046256,0.7707578901671698,282,0.8760570541269981
20,-46,0.2,0.3,18,0.9210867021402012,0.9096336716845975,0.918071943171429,0.9325022500486779,0.8769109136646961,282,0.9116410961419203
30,-46,0.1,0.25,12,0.9209354404798876,0.9109471884781422,0.916594391081423,0.9058851265820709,0.8652929418950966,282,0.903931017703324
20,-46,0.3,0.4,18,0.9196984677222485,0.9179658247887942,0.9028822092586118,0.9328915853776854,0.871120626237171,282,0.9089117426769022
30,-46,0.1,0.2,12,0.919554098436061,0.910306591814011,0.9159353740052416,0.9011992395133308,0.8626851097391761,282,0.9019360827015641
30,-38,0.1,0.2,18,0.9192448590153878,0.8735126468643561,0.8146036452893128,0.7831415407634815,0.5681082469022094,282,0.7917221877669496
20,-46,0.1,0.4,18,0.9189787305139955,0.9213003222740097,0.9355991375143314,0.9478036743060212,0.9262320263150023,282,0.9299827781846719
30,-46,0.1,0.4,12,0.9188817848315469,0.9250877821262188,0.92532583134079,0.9102840048313574,0.8974384652806476,282,0.9154035736821122
20,-42,0.3,0.4,18,0.9188595293388662,0.9057843207974364,0.8724342313066027,0.8942505673447256,0.8127951548164313,282,0.8808247607208124
30,-42,0.1,0.25,18,0.918585584024515,0.8897170275590256,0.8671571038675551,0.8664574076484427,0.737415472852227,282,0.8558665191903531
20,-42,0.1,0.3,18,0.9185541998485808,0.9002060342024764,0.8936958553786032,0.8936845977097645,0.8492146600614713,282,0.8910710694401793
30,-46,0.3,0.2,18,0.9172861690374168,0.9051145742425657,0.8278936052593832,0.8342034849193185,0.6122613366568266,281,0.8193518340231021
20,-46,0.1,0.1,18,0.9160911373132643,0.8956121305017947,0.901670556726471,0.8872495551380315,0.7683516872202868,282,0.8737950133799697
20,-42,0.1,0.4,18,0.9156452223894112,0.9094276212898201,0.9033089719176692,0.9108559372444486,0.8902261874199217,282,0.9058927880522543
20,-46,0.2,0.4,18,0.9156181595244726,0.9196073068624788,0.9253593617808297,0.9446524311243578,0.9183900086533822,282,0.9247254535891043
30,-34,0.2,0.4,18,0.9152650598765939,0.8864203133961868,0.772885111177163,0.7723918590010463,0.6373727972197807,282,0.7968670281341541
30,-46,0.2,0.3,12,0.9152553032505334,0.9244514365154507,0.9081616074087039,0.90210709599494,0.8699936550805898,282,0.9039938196500437
30,-46,0.1,0.3,12,0.9151859628748785,0.9256410358837877,0.9239182033751928,0.907063788361904,0.8804180188028294,282,0.9104454018597185
30,-46,0.2,0.25,12,0.9148058351189744,0.9092466788102088,0.9007864998196683,0.8993466776817477,0.8420377957632177,282,0.8932446974387634
30,-30,0.1,0.4,18,0.9144989654626738,0.871934179339728,0.7867279668391431,0.73232471871621,0.5923139876731445,282,0.7795599636061799
30,-46,0.2,0.2,12,0.9144414227397117,0.9091772462828627,0.8957194321462295,0.8906408358975535,0.8315590278850797,282,0.8883075929902875
30,-42,0.1,0.4,12,0.9130051311667536,0.908392653907206,0.8911498640631219,0.8637391776855494,0.8556989303032163,282,0.8863971514251695
30,-38,0.1,0.1,18,0.9129902276372027,0.86917474345089,0.8156725310119304,0.7679845940012855,0.5290200492250655,282,0.7789684290652749
20,-42,0.2,0.4,18,0.9128619492836714,0.905762512163875,0.8869556442097811,0.9049508045244944,0.8658246603243179,282,0.895271114101228
20,-46,0.2,0.1,12,0.9126794777456659,0.8935757674614111,0.8874731252419219,0.8605844325421957,0.7797283998515973,282,0.8668082405685583
20,-46,0.2,0.2,18,0.912260854540688,0.8951594814892191,0.8843955977392338,0.900345130790534,0.7484738533637788,282,0.8681269835846906
30,-38,0.2,0.2,18,0.9120757403342168,0.8777107497653331,0.7654852557007475,0.7537199898110465,0.4617273374202184,281,0.7541438146063124
30,-46,0.2,0.4,12,0.9117567348846106,0.9264801230543097,0.9131844879954583,0.9074565380283979,0.8966856234285205,282,0.9111127014782593
30,-42,0.2,0.3,18,0.9114981511267823,0.8884669892761499,0.8663216434047948,0.8731596125192124,0.7521554473457037,282,0.8583203687345285
20,-46,0.2,0.25,18,0.9114896858783714,0.891784509223745,0.8942411688328507,0.9155293370753665,0.7823072798308054,282,0.8790703961682278
30,-42,0.2,0.25,18,0.9113278788841491,0.8786782301815945,0.8483813264681941,0.8539447401908768,0.6626934016552555,282,0.8310051154760141
30,-46,0.2,0.1,18,0.9112042655309535,0.9091774189867768,0.8545919079695213,0.8402649349067961,0.6732627534694963,280,0.8377002561727087
20,-42,0.1,0.2,18,0.9108666518912376,0.8741688346061904,0.8610775687083058,0.8638694005368049,0.7426996063580245,282,0.8505364124201126
30,-38,0.2,0.3,18,0.9104831143681075,0.8793296554094766,0.8043618990423381,0.8034791874976708,0.6087357453718192,282,0.8012779203378824
20,-38,0.1,0.3,18,0.9099727171870816,0.8808501721304989,0.8564271714302746,0.8416984554134238,0.746129598076866,282,0.847015622847629
30,-42,0.2,0.4,12,0.9093569999177239,0.9073918519316281,0.8781368268944688,0.858355805881227,0.8469087704584781,282,0.8800300510167052
20,-46,0.2,0.4,12,0.9087473699200803,0.9095352491823268,0.9146256336030704,0.9033654711348909,0.8650689794731533,282,0.9002685406627042
20,-42,0.1,0.25,18,0.9084080650604949,0.8694815496283536,0.8685851196657977,0.880498294338922,0.7657996630459998,282,0.8585545383479136
20,-42,0.2,0.3,18,0.9081279604813536,0.8887841979452314,0.8714867576287277,0.8819247270634735,0.7951163798605588,282,0.8690880045958691
30,-46,0.3,0.1,12,0.9075816063224065,0.8950814978145986,0.8086660986296375,0.819765695576296,0.7273239739876006,282,0.8316837744661079
20,-46,0.2,0.1,18,0.9073296148227556,0.9014641735185549,0.8534458635452161,0.8351997070778887,0.5905733481440055,281,0.8176025414216841
30,-42,0.2,0.1,12,0.9069646801918788,0.88408531685726,0.8278835818044036,0.8064487840258748,0.7201963818330608,282,0.8291157489424957
20,-38,0.3,0.4,18,0.9068402834734107,0.8888030937889244,0.8384997419381172,0.8498319235823546,0.7251413241350961,282,0.8418232733835807
20,-46,0.1,0.1,12,0.9057886995485176,0.8977585361319602,0.9116634716128222,0.8889089829781532,0.8284738212082106,282,0.8865187022959329
20,-38,0.1,0.4,18,0.9050584566716514,0.8955294917616569,0.8664072390375335,0.8678837703675755,0.8207864362181138,282,0.8711330788113061
20,-42,0.2,0.2,18,0.9034506562222712,0.864600942734362,0.8269040986084397,0.8405711796550918,0.6319858818763802,282,0.8135025518193089
30,-46,0.3,0.3,18,0.9033016124271651,0.8948335522495984,0.8719438786309543,0.9033519785596502,0.7824779659170112,282,0.8711817975568759
20,-46,0.2,0.3,12,0.9028283698324827,0.912406390324646,0.9106917214547244,0.9000896250061307,0.8496396751694388,282,0.8951311563574844
20,-46,0.3,0.3,18,0.9023519411813428,0.9021833199802197,0.8904642802465287,0.9157682503622794,0.8027507070819017,282,0.8827036997704545
30,-34,0.1,0.2,18,0.9018106851060054,0.8553270293515495,0.7912743153048389,0.7191663814786393,0.44907175749152944,282,0.7433300337465125
20,-38,0.2,0.4,18,0.9016667621040354,0.8895943698041175,0.8396264140453699,0.8564982822805365,0.7735924878264355,282,0.8521956632120989
20,-42,0.1,0.1,18,0.9013520491214432,0.8666846911640331,0.8538882550108106,0.8369082382288615,0.664449553695873,282,0.8246565574442044
30,-42,0.1,0.1,12,0.9011458324795523,0.8803711535126161,0.8683121497539199,0.8388296716665734,0.776510063260561,282,0.8530337741346445
30,-38,0.1,0.4,12,0.9008976264829939,0.8974022713502197,0.8449883358497372,0.8020416371494532,0.7851611260477757,282,0.8460981993760359
30,-34,0.1,0.3,18,0.9006407437631976,0.86624509225626,0.8073664888812119,0.7613404495295176,0.5778382221217828,282,0.782686199310394
20,-42,0.2,0.25,18,0.9004483670450063,0.8600592379743999,0.8413309076734721,0.8663321328703301,0.684985068944594,282,0.8306311429015605
30,-34,0.3,0.4,18,0.9002962520419026,0.876435839502841,0.7515950100090354,0.758911665898353,0.5886092632091892,282,0.7751696061322642
30,-42,0.3,0.2,18,0.9002334616979418,0.8822418717307154,0.7750694039210394,0.7642820455830047,0.4564937789240446,281,0.7556641123713492
20,-46,0.3,0.4,12,0.8996614290848911,0.8981671258572026,0.8890798104742258,0.8938461710896282,0.8466171642442478,282,0.8854743401500391
30,-42,0.2,0.1,18,0.8990737818683107,0.8872114455771091,0.8034242014728168,0.7809927572904577,0.5382595028041026,280,0.7817923378025593
20,-46,0.1,0.4,12,0.8987462982391382,0.9086681327872038,0.9243840920352783,0.9063077286813158,0.8712189924623623,282,0.9018650488410597
30,-38,0.1,0.25,18,0.8987398799059044,0.8592577864796734,0.8207675257571725,0.8083909226399141,0.6052201719784757,282,0.798475257352228
30,-46,0.3,0.4,12,0.8987256338057019,0.9172407576810089,0.8914612280567937,0.8965539573281134,0.8667805068949436,282,0.8941524167533123
30,-30,0.2,0.4,18,0.89852811273775,0.8653833100486211,0.7347869330138019,0.7181701085119628,0.5475852517947518,282,0.7528907432213775
30,-42,0.1,0.3,12,0.8977411225764778,0.9026789850097541,0.8850036369738125,0.8558920937683819,0.822051147633476,282,0.8726733971923805
20,-34,0.1,0.4,18,0.8977399525562588,0.8750522648659629,0.8204738929678486,0.7975802733154473,0.7190927994739278,282,0.8219878366358891
20,-38,0.2,0.3,18,0.8965949392395223,0.8687374961211725,0.8184483698069543,0.820361557265033,0.6706084846650432,282,0.814950169419545
30,-46,0.3,0.3,12,0.8964705003388316,0.9131820973722938,0.8783271022237089,0.8863715046797085,0.8323989551815413,282,0.8813500319592167
30,-46,0.3,0.25,12,0.8964487462280628,0.8978264081068653,0.867958390881696,0.879191833003101,0.7963583289119202,282,0.8675567414263291
30,-46,0.3,0.2,12,0.8963617127394656,0.8956543010951312,0.8542095366149445,0.8640393983061359,0.7760152754928833,282,0.8572560448497122
30,-42,0.3,0.4,12,0.8951284687807832,0.8961711277834568,0.8513518584284399,0.8451580897990758,0.8065597873831666,282,0.8588738664349844
30,-42,0.2,0.3,12,0.8948917643744498,0.8966489434162417,0.8639131172892951,0.8457516300226021,0.8008188048645719,282,0.860404851993432
30,-42,0.2,0.25,12,0.8941037850804288,0.8740236605067161,0.8574452417693555,0.8464596213908394,0.766048546995646,282,0.8476161711485972
30,-46,0.3,0.25,18,0.8938583837022911,0.8836626353643026,0.8555844620813863,0.8797581062357689,0.6945395782727604,282,0.8414806331313018
20,-46,0.1,0.25,12,0.8933710900470224,0.8960188123928577,0.916770844303789,0.9020259082807277,0.851293516018358,282,0.891896034208551
30,-42,0.1,0.25,12,0.893301066880729,0.8790969258835031,0.8771730044343165,0.8578107279654131,0.7987367525064307,282,0.8612236955340784
20,-42,0.2,0.1,18,0.8931779655667441,0.873920932783262,0.7858575563119006,0.7811647048695999,0.4784460234523977,281,0.762513436596781
20,-38,0.1,0.2,18,0.8930226475006401,0.8550514679304986,0.8242359405209461,0.8148818865711204,0.6281449143886958,282,0.8030673713823802
20,-46,0.3,0.2,18,0.8929851582854266,0.8778437080176583,0.836057443120298,0.866233189238566,0.6376219534298784,282,0.8221482904183655
20,-46,0.1,0.2,12,0.892952077664983,0.8967881634518462,0.9153710886493405,0.8961802637636348,0.8485019895156943,282,0.8899587166090998
20,-42,0.1,0.4,12,0.892814392446472,0.8924766052983985,0.8885860386457637,0.8601821032141407,0.835106151099499,282,0.8738330581408548
20,-46,0.1,0.3,12,0.8924668597251006,0.9116390283410235,0.9210288938176581,0.9043065120184062,0.8674338657102004,282,0.8993750319224778
30,-42,0.2,0.2,12,0.8923898465437655,0.8743930749713293,0.8491896868020414,0.8249729912937328,0.745530511645656,282,0.8372952222513049
30,-42,0.1,0.2,12,0.8921052093280878,0.8796295175990446,0.8748823969668269,0.8450243325373183,0.7921978258428695,282,0.8567678564548293
20,-46,0.3,0.1,12,0.891811080826389,0.8772178745053006,0.8063708483528851,0.8189410202923885,0.7037033583627392,282,0.8196088364679405
20,-38,0.1,0.25,18,0.8916370501175432,0.848936901633599,0.828957273243065,0.8293344784109734,0.6494428295222856,282,0.8096617065854932
20,-46,0.3,0.25,18,0.8913857068506168,0.8768999563823278,0.8589895356028039,0.8895921987198633,0.6805335483096903,282,0.8394801891730606
30,-38,0.2,0.4,12,0.8910740007717824,0.8920143820946196,0.8182381779827993,0.7909424927277541,0.7645946466226933,282,0.8313727400399296
20,-46,0.3,0.3,12,0.890506858220178,0.9043078309725017,0.8794518572954709,0.8869166233495221,0.8209402981083749,282,0.8764246935892095
20,-34,0.1,0.3,18,0.8903008329250194,0.860225311554457,0.8209619207501943,0.7807171775353693,0.6295840909448835,282,0.7963578667419846
20,-42,0.3,0.3,18,0.8901004733444738,0.8818237203839314,0.8532066642086531,0.8620764941488982,0.7047298042912448,282,0.8383874312754402
30,-34,0.1,0.1,18,0.8894788968915657,0.8467000095207303,0.7828937773598661,0.7000066472043402,0.39936976422110626,282,0.7236898190395216
20,-34,0.2,0.4,18,0.8891722718911278,0.8641960272898027,0.7745624304304654,0.7805800573662166,0.6704954739060298,282,0.7958012521767285
30,-38,0.2,0.25,18,0.888329393903431,0.8501162427602489,0.7776007034885827,0.7835291611594691,0.5157461232350256,282,0.7630643249093515
30,-42,0.3,0.3,18,0.8881759821395862,0.8739125247376055,0.8305409599350777,0.8464862305956525,0.6703716489689464,282,0.8218974692753737
30,-34,0.2,0.2,18,0.887504510169051,0.8572984081598347,0.7224346128876198,0.6898241788797383,0.3717545269759499,281,0.7057632474144387
30,-34,0.2,0.3,18,0.8871668712189362,0.8558962801746539,0.758737730773911,0.7414679638897824,0.519337973985494,282,0.7525213640085555
20,-38,0.1,0.1,18,0.885429630425353,0.8479981358662232,0.8181322311531839,0.7973677583897238,0.5547891809004909,282,0.780743387346995
20,-30,0.1,0.4,18,0.8853316379334029,0.8580232318653772,0.7990264485371694,0.7435922539045583,0.6346693678304437,282,0.7841285880141903
30,-42,0.3,0.1,12,0.8847912510384336,0.8625825346188524,0.7638971627704312,0.770293861028907,0.6524571951513748,282,0.7868044009215998
20,-42,0.2,0.1,12,0.8847436898141324,0.8551922133404242,0.8036821893613711,0.8013089033327789,0.704241699381793,282,0.8098337390460999
20,-46,0.3,0.1,18,0.8830992159820651,0.8737139883271394,0.7738422407662336,0.7836312296048995,0.4584811459895495,281,0.7545535641339773
30,-38,0.3,0.2,18,0.8828360437444414,0.8559909285805795,0.7329395336663969,0.7118902168483252,0.360391017836444,281,0.7088095481352374
30,-38,0.3,0.3,18,0.8828284161183774,0.8654070646781262,0.7873585605727121,0.7877075137661156,0.5420200660537234,282,0.7730643242378109
30,-38,0.3,0.4,12,0.8824253529814798,0.8811597966531867,0.8074201459161039,0.7822892348471618,0.7311144760547882,282,0.816881801290544
20,-34,0.3,0.4,18,0.882006888912947,0.8665737140264145,0.7636715801582785,0.7689269371892506,0.6048970700475514,282,0.7772152380668885
30,-46,0.3,0.1,18,0.8817689807885482,0.8797231747502308,0.7785830105287356,0.7855491995102398,0.5324775950399789,280,0.7716203921235467
20,-46,0.2,0.25,12,0.8811849215404445,0.89281528511062,0.9052382680965645,0.8950314907075066,0.8191569513064422,282,0.8786853833523155
30,-34,0.1,0.25,18,0.8806309607767052,0.8408134121992518,0.7921674949162916,0.7441864555335119,0.4861402380089024,282,0.7487877122869326
20,-42,0.2,0.4,12,0.88050807996034,0.8862479705350915,0.8723930038033039,0.8533987664728133,0.8224287950468213,282,0.862995323163674
30,-30,0.1,0.3,18,0.8797669157763153,0.8481407931479662,0.778094808279987,0.7179091436822025,0.4784266670263178,282,0.7404676655825578
30,-42,0.3,0.25,18,0.8792014894023357,0.8588789897136816,0.8153319534975276,0.8238024476869342,0.5583556971021452,282,0.7871141154805248
20,-42,0.1,0.1,12,0.8786674485260851,0.8586037162712735,0.8583491831027187,0.8293050028644011,0.7558317185887019,282,0.8361514138706362
30,-38,0.2,0.1,18,0.8785005942873297,0.8629353151661516,0.7557999987510681,0.7341456277717815,0.43699155518519445,280,0.7336746182323052
30,-38,0.1,0.1,12,0.8784652503108226,0.845534649350139,0.8261679562292575,0.7874285826189098,0.6969334818170126,282,0.8069059840652283
30,-38,0.2,0.1,12,0.8783746356373946,0.8488741400750192,0.7725760750200159,0.7590626177383427,0.6503916470942448,282,0.7818558231130035
20,-42,0.3,0.25,18,0.8780764474109782,0.8512198484074467,0.8174883870447169,0.8363212213531115,0.5592801471042252,282,0.7884772102640957
20,-46,0.2,0.2,12,0.8780354743950063,0.8913786768377617,0.8993504214447321,0.8857957321554153,0.8061282494790685,282,0.8721377108623967
20,-38,0.2,0.2,18,0.8776742819664957,0.8415654591247851,0.7657484661487252,0.7819753235763709,0.5111038825218073,282,0.7556134826676368
30,-34,0.1,0.4,12,0.8773618283351525,0.8651904582708282,0.7988088862331754,0.7206620315106018,0.7102333390692454,282,0.7944513086838005
20,-34,0.1,0.2,18,0.8763768496077804,0.8406096812687548,0.8002145920529495,0.7562351108569304,0.5071443587704859,282,0.7561161185113802
20,-38,0.2,0.25,18,0.8762975704204075,0.8357732113747253,0.7855903526437797,0.804944497835816,0.5540126608374832,282,0.7713236586224423
20,-46,0.3,0.25,12,0.8758647366508162,0.8786317262433908,0.8702414219463248,0.8767790171989899,0.7797339112435572,282,0.8562501626566158
20,-42,0.2,0.3,12,0.8756546925120264,0.8807211859508743,0.8586943867257052,0.8409587318547043,0.7813481949615547,282,0.847475438400973
30,-30,0.3,0.4,18,0.8755110030773754,0.8553937252607273,0.7074475438504187,0.7028911612361243,0.5042580543875895,282,0.7291002975624471
20,-42,0.3,0.2,18,0.8754441671285466,0.8501005935812667,0.789615358571104,0.8034197946290143,0.5042511589256081,282,0.7645662145671079
20,-34,0.1,0.25,18,0.8749087120655978,0.8344291109629505,0.8022646290996986,0.7671818805125513,0.5313985436476821,282,0.7620365752576961
20,-46,0.3,0.2,12,0.8744247773262717,0.8766176360206926,0.8528039988004469,0.8590753568974692,0.7561289464757219,282,0.8438101431041204
30,-42,0.3,0.3,12,0.8743318058927076,0.8837757379003127,0.8321430527532783,0.8229957730790485,0.7468890924614529,282,0.8320270924173601
20,-30,0.2,0.4,18,0.8742697558181686,0.8512170163810824,0.7396375154456257,0.7231427778837448,0.5840981418371584,282,0.754473041473156
30,-38,0.1,0.3,12,0.872633429161705,0.8712930659008347,0.8406196270145129,0.7880086626533374,0.7326513959103267,282,0.8210412361281433
30,-30,0.1,0.2,18,0.8723919175444937,0.8400311181812693,0.7589813082012602,0.6685888371157713,0.37153626830981595,282,0.7023058898705221
30,-26,0.1,0.4,18,0.8716382384544463,0.8309457340675276,0.7201647795820113,0.6586896222960323,0.42875735925332925,282,0.7020391467306694
30,-42,0.3,0.25,12,0.8713008313520451,0.8611960530073494,0.823210832555557,0.818947850238933,0.7047423012274264,282,0.8158795736762622
20,-42,0.3,0.4,12,0.8712670006189213,0.8718350260717487,0.8564466153931934,0.8439043863516218,0.8030170128793479,282,0.8492940082629665
30,-38,0.2,0.3,12,0.8712254250624022,0.8666635995193228,0.7956419342385997,0.7682877553229924,0.7015537852412481,282,0.8006744998769131
20,-34,0.2,0.3,18,0.870996411058612,0.8468272328531461,0.7624545689924325,0.7554882481411855,0.5632167641899875,282,0.7597966450470727
20,-38,0.3,0.3,18,0.8703340843861971,0.8628117466222819,0.8139095186708085,0.8076228385824573,0.5936841552703818,282,0.7896724687064254
30,-34,0.3,0.2,18,0.8673357919037966,0.8426741632883972,0.6847552743431717,0.6433990196237828,0.2791081099965903,281,0.6634544718311477
30,-34,0.3,0.3,18,0.8672609552139614,0.8437087896765406,0.7323639082439415,0.7160757868955437,0.45688201117990435,282,0.7232582902419783
30,-42,0.3,0.2,12,0.8656361944336348,0.8594835889832414,0.7990787903967173,0.7925668870050346,0.6731235083692092,282,0.7979777938375674
20,-38,0.2,0.1,18,0.8650199166024647,0.8528950813801508,0.737779151010065,0.7333383437967269,0.37651428589613023,281,0.7131093557371075
20,-42,0.1,0.3,12,0.864798473536282,0.8807297117197614,0.879340919203684,0.8512302452775735,0.807192695375529,282,0.8566584090225661
30,-34,0.2,0.25,18,0.8645487600590755,0.8295754122204043,0.7369242119745029,0.720727610805651,0.424390566756167,282,0.7152333123631602
30,-42,0.3,0.1,18,0.8641992622094294,0.8543464609693279,0.7383014958522699,0.7408687067972894,0.4311543954306627,280,0.7257740642517959
20,-42,0.3,0.1,18,0.8640437095969031,0.8445692445116872,0.732443999163911,0.7374959099168027,0.36321473608460225,281,0.7083535198547813
20,-30,0.1,0.3,18,0.8635227158547103,0.832574344117515,0.7862130864458152,0.7264833774293563,0.5465190657390455,282,0.7510625179172884
30,-26,0.1,0.4,6,0.8630992188208814,0.8204628830308699,0.7210390030006726,0.6521306999520915,0.5072998355217283,282,0.7128063280652488
30,-26,0.1,0.4,12,0.8630992188208814,0.8204628830308699,0.7210390030006726,0.6521306999520915,0.5072998355217283,282,0.7128063280652488
20,-42,0.3,0.3,12,0.8630726384286055,0.8693122605926162,0.8397373236698081,0.824543945156862,0.7474534059125304,282,0.8288239147520844
20,-30,0.3,0.4,18,0.8629545987243881,0.8558878563427464,0.7196841144795182,0.7086433853363673,0.5193900947708858,282,0.7333120099307812
20,-34,0.1,0.1,18,0.8628376599983422,0.829112224906463,0.7914002579673218,0.7360404850572932,0.4177317012444252,282,0.727424465834769
30,-38,0.1,0.25,12,0.862633500340205,0.8392415331563494,0.8260326696265782,0.7911296062769918,0.7087670099416162,282,0.805560863868348
30,-38,0.1,0.2,12,0.8621705443411575,0.8395352149678775,0.8227984034395779,0.784585122130697,0.7038722013487719,282,0.8025922972456165
20,-38,0.1,0.4,12,0.8610970533556791,0.8675043749488309,0.8514165794268844,0.8043800802640921,0.7723275776711533,282,0.8313451331333279
30,-34,0.2,0.4,12,0.8604971758419967,0.8571082955591163,0.7564341425214127,0.7081375488426402,0.6955687934452762,282,0.7755491912420884
30,-38,0.3,0.25,18,0.8603984477678144,0.8321456609619745,0.7583712881034066,0.7614989635328628,0.43142523889665846,282,0.7287679198525434
20,-42,0.3,0.1,12,0.860346438196849,0.8361154813125828,0.7514646359472199,0.7642267099528396,0.6375086250305725,282,0.7699323780880128
20,-42,0.1,0.2,12,0.8597269059544074,0.8534398120340977,0.8642639146878764,0.8394001004288497,0.7784188447647576,282,0.8390499155739978
30,-30,0.1,0.4,12,0.8596450078139712,0.8384270904772487,0.7754287023183792,0.6773827892123716,0.6569343901624131,282,0.7615635959968767
30,-30,0.2,0.3,18,0.8596313783558025,0.8355956979435494,0.7235066281138862,0.7007654374928203,0.4330349837883352,282,0.7105068251388788
30,-30,0.2,0.2,18,0.8588381646878243,0.841122462902976,0.694131149440906,0.6406134287997697,0.3105866931298401,281,0.6690583797922631
30,-38,0.2,0.25,12,0.8587098525894253,0.83639535883211,0.7810888222995412,0.7696563367736278,0.6740097372455186,282,0.7839720215480446
30,-38,0.2,0.2,12,0.858693605219005,0.8366148364480559,0.7762565960568317,0.7604705518041542,0.6643653220247973,282,0.7792801823105687
30,-38,0.3,0.1,12,0.8585288942031802,0.83472218364824,0.7195334825032732,0.719402216870205,0.5814595871237559,282,0.7427292728697309
20,-38,0.3,0.2,18,0.8581172814980135,0.8319233707773517,0.7410194052806566,0.7550694539018038,0.4050646628528098,282,0.7182388348621271
20,-34,0.2,0.2,18,0.8577117879579551,0.8244045096954584,0.7273174759630052,0.7224267649107816,0.41891477442663777,282,0.7101550625907677
20,-38,0.3,0.25,18,0.8575725898716103,0.8306765747049218,0.7750650007954676,0.7818940319103499,0.44671899910035556,282,0.7383854392765411
20,-34,0.2,0.25,18,0.8556579721912188,0.8178894278164174,0.7346937658693906,0.7393430555156234,0.45744756655791197,282,0.7210063575901124
30,-30,0.1,0.1,18,0.8555092896589238,0.8220644330625311,0.7486722593037729,0.6514173456326506,0.3032002599008431,282,0.6761727175117443
20,-38,0.1,0.1,12,0.8551640491304073,0.8338720467091959,0.8184176945873155,0.7825553091938521,0.6879751197906917,282,0.7955968438822925
20,-42,0.2,0.2,12,0.8544628006167487,0.8495423139869495,0.8350287231058805,0.8212765092774302,0.7307221131398371,282,0.8182064920253691
20,-42,0.2,0.25,12,0.8535557510039903,0.8501357953335946,0.8457284224491085,0.8388579527951916,0.753158290675307,282,0.8282872424514384
20,-42,0.3,0.25,12,0.8533442094431315,0.8396074186806387,0.8239140166691243,0.8161004435678432,0.7033063059734376,282,0.8072544788668351
20,-42,0.1,0.25,12,0.8530963164960749,0.8516538991662165,0.867069592247935,0.8513271488588223,0.7863612594013066,282,0.8419016432340711
20,-34,0.3,0.3,18,0.8530308547809694,0.8448498142155786,0.7455525500461899,0.7342954422961427,0.48856334972991267,282,0.7332584022137587
20,-38,0.2,0.4,12,0.8529410513923285,0.8597006070661602,0.8231145600748591,0.7924413753137022,0.7464899977438089,282,0.8149375183181717
30,-34,0.2,0.1,18,0.8528728770459457,0.8388732618607507,0.6961079330594072,0.6674896451493829,0.34627275212449565,280,0.6803232938479964
20,-26,0.1,0.4,18,0.8519348289121679,0.8159454607876773,0.7135017721390562,0.6715626715320787,0.4757224425844745,282,0.7057334351910909
30,-26,0.2,0.4,18,0.8518187941542048,0.817993085280934,0.6718385388478212,0.6412719981056844,0.392689152436708,282,0.6751223137650705
30,-30,0.1,0.25,18,0.851636392031111,0.8254397007573241,0.7623144795538906,0.6905631628192879,0.4036066307927379,282,0.7067120731908704
20,-26,0.1,0.4,6,0.8489502040255971,0.8223864697733234,0.7105860744737539,0.66116573585765,0.5195334872078227,282,0.7125243942676294
20,-26,0.1,0.4,12,0.8489502040255971,0.8223864697733234,0.7105860744737539,0.66116573585765,0.5195334872078227,282,0.7125243942676294
30,-34,0.3,0.4,12,0.848665507651075,0.8472236978456651,0.7349273094655354,0.6965029935796735,0.6590653427012104,282,0.7572769702486319
20,-30,0.2,0.3,18,0.8481378358353936,0.8206992598484418,0.7252542947573057,0.7028123922329043,0.49430020707790373,282,0.7182407979503898
30,-38,0.3,0.1,18,0.8477407020883796,0.8343311470694258,0.7015039418428156,0.6880540077733969,0.3362626142644537,280,0.6815784826076943
20,-38,0.2,0.3,12,0.8473904284077369,0.8463556868592061,0.8029837943300373,0.7678705190619854,0.6950322501881433,282,0.7919265357694218
20,-38,0.2,0.1,12,0.8469818266063803,0.8263288912753163,0.7521330865500327,0.7497833574913897,0.6373274153608128,282,0.7625109154567864
20,-38,0.3,0.1,18,0.8464107211804118,0.8315815682252711,0.6977332250105266,0.691838841192491,0.2682359094608742,281,0.6671600530139149
20,-42,0.3,0.2,12,0.8460171813340838,0.8348930602909921,0.8012815146269123,0.7918334993375554,0.6753291182526143,282,0.7898708747684317
30,-30,0.3,0.3,18,0.8453178560902815,0.826054856493345,0.6890525670681578,0.6787911217864396,0.3672939701957826,282,0.6813020743268013
30,-34,0.1,0.1,12,0.8443712589077333,0.8173457273209023,0.7862398728310532,0.7150477756638796,0.6117783601051352,282,0.7549565989657407
20,-38,0.3,0.4,12,0.8429508839226355,0.8455840064980572,0.8201525397911105,0.786064634711166,0.7322874397538148,282,0.8054079009353569
20,-30,0.1,0.2,18,0.8427640605250273,0.8197484122327945,0.7622716044871721,0.7007637683301547,0.4284580087901706,282,0.7108011708730638
30,-30,0.2,0.4,12,0.8424498780953195,0.8349784111129429,0.7237755629082143,0.663806716263154,0.6348221634279815,282,0.7399665463615224
30,-38,0.3,0.25,12,0.8424256188075533,0.8258316582243066,0.7611337640277239,0.751080830546362,0.6268067982326755,282,0.7614557339677243
20,-34,0.2,0.1,18,0.842342845786944,0.8328907941015171,0.6895871547942563,0.6807204599072608,0.3005646276681454,281,0.6692211764516247
30,-26,0.2,0.4,6,0.8421747732166833,0.8079559020226531,0.6727359366626607,0.6344667424196013,0.4781626124127349,282,0.6870991933468666
30,-26,0.2,0.4,12,0.8421747732166833,0.8079559020226531,0.6727359366626607,0.6344667424196013,0.4781626124127349,282,0.6870991933468666
30,-34,0.2,0.1,12,0.8420481951908488,0.8160634832983567,0.7074922904479969,0.6880906487649467,0.5819102605269686,282,0.7271209756458236
30,-38,0.3,0.3,12,0.8413298849519889,0.8529583790809162,0.778630677160421,0.754122431472242,0.6600581856092451,282,0.7774199116549626
30,-34,0.1,0.3,12,0.84072543686979,0.838730556888952,0.8000732154870509,0.716327990394356,0.6658098550890049,282,0.7723334109458306
30,-34,0.3,0.25,18,0.8402019809316739,0.8164736399227767,0.7054572826064831,0.6876126266631,0.3424166804986547,282,0.6784324421245376
20,-30,0.1,0.25,18,0.8400910228921591,0.8141356938941511,0.7657866176605612,0.7071004257633736,0.4470986292055942,282,0.7148424778831679
20,-34,0.1,0.4,12,0.8395410446027425,0.8391729480714818,0.799255625343213,0.7201559231566041,0.6959758001368996,282,0.7788202682621882
20,-34,0.3,0.2,18,0.8389114259949972,0.8196658924443635,0.7001858501264765,0.6889508840447057,0.31944042645830745,282,0.6734308958137701
20,-34,0.3,0.25,18,0.8380685302462538,0.8175779647330383,0.7129341181505066,0.7084563264132993,0.3513307677943463,282,0.6856735414674888
20,-38,0.1,0.3,12,0.8374607330285008,0.8505571508456107,0.8421217097774113,0.7872692065039665,0.7327201166710002,282,0.8100257833652978
30,-38,0.3,0.2,12,0.8366996943652408,0.8218088688792531,0.7489533627081875,0.7361468033415292,0.6147107650479494,282,0.751663898868432
20,-38,0.3,0.1,12,0.8366805153981987,0.8190764954782755,0.7136698236344943,0.7165778491847924,0.5678432739506005,282,0.7307695915292722
30,-26,0.1,0.2,18,0.836298573682639,0.8109038011721135,0.6909887330299979,0.5872378114061052,0.3258878050234353,282,0.6502633448628583
20,-38,0.1,0.2,12,0.8357182906067386,0.8286831307537901,0.8237706868804269,0.7809067136568184,0.7062555135830716,282,0.7950668670961691
30,-34,0.1,0.25,12,0.8357030628604417,0.8160484454872864,0.7918369572554196,0.7190497562814652,0.6341280769361242,282,0.7593532597641474
30,-34,0.1,0.4,6,0.8355638301055163,0.8288907571075451,0.7878742057689949,0.6596136843905196,0.7084222254767958,282,0.7640729405698744
30,-34,0.1,0.2,12,0.8349735519554037,0.8160052781600826,0.7939380719608823,0.7139058256514353,0.6303703068156213,282,0.7578386069086851
30,-30,0.3,0.2,18,0.8339560419499745,0.8254988802649362,0.6469931119711836,0.5883364466434043,0.22161072158711367,281,0.6232790404833225
30,-30,0.2,0.25,18,0.8324559891718039,0.8130111318999423,0.7061197843503495,0.6687626890170041,0.35768872515422356,282,0.6756076639186647
30,-26,0.1,0.3,18,0.8323495868556571,0.8067647330923564,0.7118440272679438,0.6413783509805585,0.3620497407722699,282,0.6708772877937572
20,-30,0.3,0.3,18,0.8305722602540285,0.8227150349807054,0.7029728397803371,0.682550283145496,0.40535662829711216,282,0.6888334092915358
20,-38,0.1,0.25,12,0.8304509773129627,0.8256847479281699,0.8264266964517433,0.7900745516318561,0.7104283894743971,282,0.7966130725598258
20,-34,0.2,0.4,12,0.8298593124891981,0.8263527082838426,0.7544830643031128,0.7043656246974519,0.6739473744160567,282,0.7578016168379325
20,-26,0.2,0.4,18,0.8293417579035898,0.8041195817849659,0.6694124882192902,0.6557785093600258,0.43063095192211026,282,0.6778566578379964
30,-34,0.2,0.3,12,0.8287535158559669,0.8321272050300352,0.7449739994167506,0.6971255397602701,0.6477811411491367,282,0.7501522802424319
30,-30,0.1,0.4,6,0.8286898414852891,0.8284235670746193,0.775115120986218,0.668748654254167,0.6463198312921409,282,0.7494594030184869
20,-38,0.3,0.3,12,0.828026170156028,0.8386630706528768,0.7983648723957221,0.7570569840747271,0.6702062153868126,282,0.7784634625332333
30,-26,0.1,0.1,18,0.8277969410205346,0.8153313019992156,0.6663187138958027,0.5691488529505594,0.3984852539797605,282,0.6554162127691744
30,-26,0.1,0.3,6,0.8264200043084895,0.8013415169798213,0.7120183672010534,0.6363698728333429,0.4703400222961962,282,0.6892979567237806
30,-26,0.1,0.3,12,0.8264200043084895,0.8013415169798213,0.7120183672010534,0.6363698728333429,0.4703400222961962,282,0.6892979567237806
30,-34,0.3,0.1,12,0.826348031607386,0.8014140711677968,0.6536100405142331,0.652584011541547,0.5086499989426839,282,0.6885212307547294
20,-38,0.3,0.25,12,0.826273174924895,0.8145197495645545,0.7766217936231042,0.7517888055559061,0.6327665424500883,282,0.7603940132237097
30,-34,0.2,0.25,12,0.8250942337571637,0.810517363732565,0.7350372295580894,0.6993339125234648,0.6160414594831355,282,0.7372048398108837
30,-26,0.3,0.4,18,0.8242937089207529,0.8107106811244538,0.6239523615481803,0.6169622536708518,0.3733429490959193,282,0.6498523908720316
20,-26,0.2,0.4,6,0.8242435462727271,0.8099067715692024,0.6681008764289665,0.6448354829756223,0.48377338059750064,282,0.6861720115688039
20,-26,0.2,0.4,12,0.8242435462727271,0.8099067715692024,0.6681008764289665,0.6448354829756223,0.48377338059750064,282,0.6861720115688039
30,-38,0.2,0.4,6,0.8240482339655705,0.8132122998788764,0.775879023966749,0.6988816241719863,0.7714629087045604,282,0.7766968181375484
20,-38,0.3,0.2,12,0.823955001105058,0.8119612890806475,0.7467439625056562,0.7339921517653428,0.6162307644290768,282,0.7465766337771562
30,-34,0.2,0.2,12,0.8238259968133891,0.8095050254828168,0.7286731811940648,0.6906379901100642,0.6083137205586019,282,0.7321911828317874
30,-30,0.3,0.4,12,0.8232417610134171,0.8282631510195307,0.6982333716621629,0.6521129183959086,0.5991484645819543,282,0.7201999333345948
20,-30,0.1,0.1,18,0.8220199783662707,0.8008970731349446,0.7377617195117895,0.6793824577324366,0.34230633997482973,282,0.6764735137440543
20,-26,0.1,0.3,18,0.8216606363600122,0.7973924555754541,0.6991532627714219,0.65443384718977,0.3988928022186027,282,0.6743066008230522
20,-26,0.1,0.3,6,0.8213470826263463,0.8047285019479975,0.6950673379212149,0.6488713438395923,0.4630892123851061,282,0.6866206957440515
20,-26,0.1,0.3,12,0.8213470826263463,0.8047285019479975,0.6950673379212149,0.6488713438395923,0.4630892123851061,282,0.6866206957440515
20,-30,0.2,0.2,18,0.8211672715320836,0.8009914066396919,0.6898316112613786,0.664292271838858,0.3518769849145341,282,0.6656319092373093
20,-38,0.2,0.25,12,0.8208803988623031,0.8204995233429706,0.7859900103962195,0.7680103041794751,0.6704491813939997,282,0.7731658836349936
30,-34,0.3,0.1,18,0.8202246851324262,0.8079204178605344,0.6431197213008429,0.6254436361354333,0.2550858486417202,280,0.6303588618141914
30,-34,0.2,0.4,6,0.8196578946532771,0.8196978000821828,0.7473925578084499,0.6472479531408015,0.697097654689752,282,0.7462187720748927
30,-30,0.1,0.1,12,0.8194712820297461,0.7932710513280182,0.7433987323657314,0.6725959668696921,0.5341929506961145,282,0.7125859966578606
20,-38,0.2,0.2,12,0.81840192278834,0.8205699923745895,0.767815656291045,0.7541109365499427,0.658058225396859,282,0.7637913466801552
30,-46,0.2,0.4,6,0.8172131150285854,0.8233187474072792,0.8250964283798325,0.8216566395893041,0.8997316738948443,282,0.8374033208599692
30,-30,0.1,0.3,12,0.8169725217457725,0.817863489062435,0.7694231693634284,0.6807416629542324,0.6052896364046557,282,0.7380580959061048
20,-30,0.2,0.25,18,0.8163993542664015,0.7959474691552532,0.6982608422533516,0.6781017370934855,0.38131175766055375,282,0.6740042320858091
30,-26,0.1,0.25,18,0.816048050066741,0.7955335025221146,0.6981743639821386,0.6230376423928402,0.3365236489287034,282,0.6538634415785076
30,-30,0.2,0.1,18,0.8154861785348777,0.8135357514899184,0.6678137238260932,0.6052026944364876,0.29619179492095377,280,0.6396460286416661
20,-30,0.2,0.4,12,0.8147537961183633,0.8135963776854627,0.7244054813550302,0.6605095718369749,0.627583521590539,282,0.728169749717274
20,-34,0.1,0.1,12,0.8146195053674268,0.8091063996938398,0.7842027455766668,0.7138607811921781,0.6024495237998542,282,0.7448477911259931
30,-34,0.3,0.25,12,0.8144985018034913,0.8048868202721232,0.7011449110539709,0.6713586260226629,0.56691878701163,282,0.7117615292327757
30,-26,0.2,0.3,18,0.8140836992937701,0.7851446989956788,0.66749113150243,0.6227521342158172,0.327747130828626,282,0.6434437589672645
30,-30,0.3,0.25,18,0.8133510289290043,0.8030550088004604,0.6705967660104303,0.6389431698082586,0.2778549362647016,282,0.6407601819625711
20,-34,0.2,0.1,12,0.8132412258018217,0.7983572741126559,0.6974035185287025,0.6910964637524469,0.5840663837507281,282,0.7168329731892711
30,-26,0.2,0.2,18,0.8129390299509778,0.800107394066649,0.6265859889933697,0.5478047024648105,0.2732444631934399,281,0.6121363157338494
30,-46,0.2,0.3,6,0.8128141874297723,0.816312907688842,0.8371394734228652,0.8166905552284739,0.8895204355304893,282,0.8344955118600886
30,-30,0.1,0.25,12,0.8125578506452729,0.8027016049609338,0.7554164639670808,0.671282482099426,0.5769494450544432,282,0.7237815693454313
20,-30,0.2,0.4,6,0.8124608887131362,0.8129804816053292,0.7223867536424129,0.6513564348987166,0.6262068247126871,282,0.7250782767144563
20,-34,0.2,0.4,6,0.8115036434507242,0.7991345981634788,0.7380684480816813,0.6431470608170883,0.6699747201047507,282,0.7323656941235447
30,-34,0.3,0.2,12,0.8113222530698455,0.8019497750912236,0.6946110017843077,0.6640455751324111,0.5584563991098386,282,0.7060770008375253
20,-34,0.1,0.2,12,0.810810047014559,0.8102039787510428,0.7939411044524538,0.7111885763668445,0.6295528593634475,282,0.7511393131896695
30,-26,0.1,0.25,6,0.8107232963152021,0.7892775036553891,0.6975668261490884,0.6229044816093854,0.46279394658382017,282,0.676653210862577
30,-26,0.1,0.25,12,0.8107232963152021,0.7892775036553891,0.6975668261490884,0.6229044816093854,0.46279394658382017,282,0.676653210862577
20,-26,0.1,0.25,6,0.8106247395907971,0.7949265723443153,0.6874425598100097,0.6289800685292938,0.44160175398577345,282,0.6727151388520378
20,-26,0.1,0.25,12,0.8106247395907971,0.7949265723443153,0.6874425598100097,0.6289800685292938,0.44160175398577345,282,0.6727151388520378
20,-30,0.1,0.4,6,0.8106171759836093,0.8168980805564909,0.7821710521392767,0.6706424270271473,0.6510195959489667,282,0.7462696663310983
30,-30,0.2,0.4,6,0.810435941061526,0.825839918887135,0.7231900168482552,0.6556869091650801,0.6300398644202303,282,0.7290385300764454
30,-42,0.2,0.4,6,0.8100298476976329,0.803781436248909,0.7843288439400992,0.764067587878061,0.8567875648246963,282,0.8037990561178796
20,-30,0.3,0.4,6,0.8098787902741409,0.8101661702668833,0.6985075194279359,0.6397611325628918,0.5950008444392935,282,0.710662891394229
30,-26,0.2,0.3,6,0.809635812711352,0.7879996754306678,0.6678721398750097,0.6179306990052322,0.44575164414076324,282,0.665837994232605
30,-26,0.2,0.3,12,0.809635812711352,0.7879996754306678,0.6678721398750097,0.6179306990052322,0.44575164414076324,282,0.665837994232605
20,-26,0.1,0.2,6,0.8092961473429587,0.790612394777304,0.6872843852197507,0.6195914138103498,0.4603668961509576,282,0.6734302474602641
20,-26,0.1,0.2,12,0.8092961473429587,0.790612394777304,0.6872843852197507,0.6195914138103498,0.4603668961509576,282,0.6734302474602641
30,-30,0.2,0.1,12,0.8089842096685186,0.7942647864602517,0.6747643337383334,0.6315979597642513,0.5224222999760875,282,0.6864067179214886
30,-46,0.1,0.3,6,0.8084847051055783,0.8169415815727664,0.8523657715048871,0.8236215199387128,0.9106183139338485,282,0.8424063784111585
30,-30,0.1,0.2,12,0.8082035035003189,0.799265195375622,0.7525884085511548,0.671616416326234,0.5788479017606374,282,0.7221042851027935
20,-26,0.3,0.4,18,0.8080070901327547,0.804774692119706,0.6276291425957976,0.6339551223633347,0.3869894748580776,282,0.6522711044139341
30,-26,0.1,0.2,6,0.8071023505744314,0.7783582481098268,0.6914669647062172,0.6064466501658137,0.47652042917786525,282,0.6719789285468308
30,-26,0.1,0.2,12,0.8071023505744314,0.7783582481098268,0.6914669647062172,0.6064466501658137,0.47652042917786525,282,0.6719789285468308
30,-34,0.3,0.3,12,0.8070861140254684,0.8194363314534746,0.7179427448796755,0.6741767710933129,0.6073926274255141,282,0.7252069177754892
20,-34,0.1,0.4,6,0.8068792560198875,0.8032992276843786,0.7800469458390991,0.6593273045413027,0.698672903278494,282,0.7496451274726323
20,-34,0.3,0.1,18,0.8065429967153551,0.8055730455553969,0.6429338321901995,0.6313540727363788,0.1984546676603864,281,0.6169717229715433
20,-30,0.1,0.4,12,0.8064019992381076,0.8183839672001411,0.7830844653695115,0.6797074735498176,0.6527885697517237,282,0.7480732950218603
20,-34,0.3,0.4,12,0.806302345754244,0.8161361673543067,0.7401638913959149,0.693512296387095,0.6501746149561862,282,0.7412578631695493
30,-30,0.3,0.25,12,0.8057433105606543,0.799081981621357,0.667828469978939,0.63162684599759,0.5030862306909838,282,0.6814733677699049
20,-34,0.1,0.25,12,0.8056024134340988,0.8080318892892255,0.7935212845427765,0.7168973010831842,0.6345152049249309,282,0.7517136186548432
20,-30,0.3,0.25,18,0.8045132287027624,0.7967447520924558,0.6611680429422548,0.6435592056948808,0.2719273341999379,282,0.6355825127264583
20,-26,0.1,0.2,18,0.8043102960276918,0.7917098596687786,0.6853785072221352,0.6188025030921559,0.35406896562350126,282,0.6508540263268526
30,-26,0.3,0.4,6,0.8039535183472051,0.7967061497982181,0.6244045470094713,0.6103135137443835,0.4527280232348749,282,0.6576211504268306
30,-26,0.3,0.4,12,0.8039535183472051,0.7967061497982181,0.6244045470094713,0.6103135137443835,0.4527280232348749,282,0.6576211504268306
20,-26,0.2,0.3,6,0.8037983322008596,0.793521426090423,0.6554183061204957,0.6321074611936935,0.4379305961841071,282,0.6645552243579157
20,-26,0.2,0.3,12,0.8037983322008596,0.793521426090423,0.6554183061204957,0.6321074611936935,0.4379305961841071,282,0.6645552243579157
20,-30,0.3,0.4,12,0.8037501337555313,0.808291637332197,0.701089239109039,0.6487855350459305,0.5979836619920457,282,0.7119800414469487
20,-30,0.3,0.2,18,0.8032811705079844,0.7955803723683643,0.6496787653371514,0.6262436512917385,0.25269115542097503,282,0.6254950229852427
20,-30,0.2,0.1,18,0.8031884312013449,0.8097715034949647,0.6535793775647999,0.6136717147013403,0.25799394539835974,281,0.6276409944721619
30,-30,0.2,0.25,12,0.8024473831120612,0.7985643875959344,0.6995490834882548,0.6547057694295273,0.5635631882120309,282,0.7037659623675617
20,-26,0.1,0.25,18,0.8022962913826305,0.7854611420956468,0.6865135060827329,0.6334873790575293,0.3469907807552959,282,0.650949819874767
30,-30,0.2,0.2,12,0.8019589870472543,0.7939295125372657,0.6941458175287257,0.6524463363789437,0.562375785186378,282,0.7009712877357135
30,-30,0.2,0.3,12,0.8014272822428755,0.8138404993599138,0.7109604912293921,0.6650402978271985,0.588975806109613,282,0.7160488753537986
20,-34,0.1,0.3,12,0.8010554676421556,0.8208527879455337,0.7988818341325798,0.714939306562845,0.6591246483086198,282,0.7589708089183469
20,-26,0.2,0.3,18,0.80084823280926,0.780838279673617,0.6581489033564512,0.6372457296281093,0.3608129802585007,282,0.6475788251451877
20,-34,0.2,0.3,12,0.8005291339072139,0.8126904642487409,0.7405666747922933,0.6923194774294692,0.6323824999360549,282,0.7356976500627546
20,-34,0.3,0.3,12,0.7997079240955682,0.8124464107791851,0.7235465833236056,0.676245307417713,0.607771125678847,282,0.7239434702589838
30,-38,0.3,0.4,6,0.7995090141350505,0.7971724541320131,0.772121909033363,0.6876143674841236,0.7411574655788596,282,0.759515042072682
20,-26,0.3,0.3,6,0.7992305952671549,0.7881948234633507,0.6151022008249251,0.6035878190617233,0.4039543904675921,282,0.6420139658169493
20,-26,0.3,0.3,12,0.7992305952671549,0.7881948234633507,0.6151022008249251,0.6035878190617233,0.4039543904675921,282,0.6420139658169493
30,-34,0.3,0.4,6,0.7989670294611529,0.804936320707636,0.7232864284669038,0.6327847429507845,0.6587648780800486,282,0.723747879933305
30,-26,0.1,0.1,6,0.7987000948791655,0.7850953841665403,0.6672410025598895,0.5925222023478132,0.536922604121472,282,0.676096257614976
30,-26,0.1,0.1,12,0.7987000948791655,0.7850953841665403,0.6672410025598895,0.5925222023478132,0.536922604121472,282,0.676096257614976
20,-34,0.3,0.25,12,0.7984094663050739,0.7968345429576849,0.7085884944960213,0.6715935922010468,0.5738107258126677,282,0.7098473643544988
30,-46,0.1,0.4,6,0.7982812638879692,0.8156851274411021,0.8383868587171419,0.8260709230409802,0.9183457636017979,282,0.8393539873377984
30,-30,0.3,0.3,12,0.7974770411369126,0.8095904497205118,0.6797895268131117,0.6478242022886284,0.5364390264685155,282,0.694224049285536
30,-46,0.3,0.4,6,0.7967496181147252,0.80806456387412,0.8138605979094691,0.8087569516929538,0.8824054869593909,282,0.8219674437101319
20,-30,0.1,0.2,12,0.7960150574626453,0.7978923433367527,0.7557392066235996,0.6736696159106901,0.5814912914457945,282,0.7209615029558964
30,-30,0.3,0.1,12,0.7959687346748593,0.7878027054131788,0.6108985684601611,0.5733534305930578,0.4468978780670842,282,0.6429842634416681
30,-30,0.3,0.2,12,0.7957565626455257,0.7913664372831763,0.6588937193624044,0.6256176877257204,0.4913489151194293,282,0.6725966644272512
30,-26,0.3,0.3,18,0.7948864030147007,0.7795803220172949,0.6156899597630786,0.5856761573857411,0.3004456682592898,282,0.615255702088021
20,-34,0.3,0.2,12,0.79439596667549,0.7953269948851444,0.6998098685284685,0.6597198744451883,0.561965691837593,282,0.7022436792743768
20,-30,0.2,0.3,12,0.7941829692921395,0.7986726183773949,0.7089532001053693,0.6609661716531204,0.5881463035530863,282,0.7101842525962221
20,-26,0.3,0.4,6,0.79371693394289,0.7972753415110433,0.6257954315367322,0.6244598036104495,0.45864087320720376,282,0.6599776767616639
20,-26,0.3,0.4,12,0.79371693394289,0.7972753415110433,0.6257954315367322,0.6244598036104495,0.45864087320720376,282,0.6599776767616639
20,-26,0.2,0.25,6,0.7936501816798752,0.7861665707845701,0.6415742178192366,0.6025197768359625,0.41641089511019513,282,0.6480643284459678
20,-26,0.2,0.25,12,0.7936501816798752,0.7861665707845701,0.6415742178192366,0.6025197768359625,0.41641089511019513,282,0.6480643284459678
20,-26,0.2,0.2,6,0.7924583605824247,0.7820249489036502,0.6323170596400922,0.5885307562701892,0.435988159842178,282,0.6462638570477068
20,-26,0.2,0.2,12,0.7924583605824247,0.7820249489036502,0.6323170596400922,0.5885307562701892,0.435988159842178,282,0.6462638570477068
30,-30,0.1,0.1,6,0.7924344637353465,0.7787578227236721,0.7409149004821673,0.6576438666007266,0.5276986674154152,282,0.6994899441914656
20,-34,0.2,0.25,12,0.7924235021841006,0.799295953438235,0.7294585733600534,0.6929265452113362,0.6110756165152208,282,0.7250360381417892
30,-42,0.3,0.4,6,0.7912085761651317,0.7905133376052202,0.7671273839661797,0.7502061382162951,0.8235377438686675,282,0.7845186359642989
30,-26,0.2,0.25,18,0.7908964713135036,0.7751647675219273,0.6462554551216653,0.5945878720898504,0.2926188317891442,282,0.6199046795672182
20,-34,0.2,0.2,12,0.7906749319746914,0.799055701640804,0.7235329702753023,0.6840529671850977,0.6025619005355319,282,0.7199756943222855
30,-30,0.3,0.4,6,0.7905376138590748,0.8168538194036504,0.6953455015142798,0.6438287564302224,0.594708572127006,282,0.7082548526668467
30,-26,0.2,0.25,6,0.7896819062154505,0.7789606204247511,0.6465911618379407,0.5967613561412337,0.43269831180471224,282,0.6489386712848176
30,-26,0.2,0.25,12,0.7896819062154505,0.7789606204247511,0.6465911618379407,0.5967613561412337,0.43269831180471224,282,0.6489386712848176
30,-46,0.3,0.3,6,0.7890690989146937,0.8035350030757974,0.8276096811234925,0.7985535312870731,0.8545183886659437,282,0.8146571406134001
30,-30,0.1,0.3,6,0.7886017319835384,0.807718552163399,0.7691333103284639,0.6720845012973243,0.5977404347576097,282,0.7270557061060672
20,-30,0.1,0.25,12,0.7883732223722313,0.7962988666841019,0.7588793034284053,0.6724049897016371,0.5821332798939354,282,0.7196179324160623
20,-30,0.2,0.2,12,0.788365077631655,0.7885300071522713,0.6864133413493552,0.6438408291921326,0.5544022555717423,282,0.6923103021794313
20,-30,0.2,0.25,12,0.7881173182857999,0.7904293487228985,0.6955647075765778,0.648294864811542,0.5571160215096238,282,0.6959044521812883
20,-26,0.2,0.2,18,0.7875140034602574,0.7769002108102973,0.6313367694312373,0.5887584042176587,0.30328026954807136,282,0.6175579314935045
20,-30,0.1,0.3,12,0.7870203024326138,0.7999815606097984,0.7675017928164265,0.6814083419686975,0.6114415093471378,282,0.7294707014349349
30,-46,0.1,0.2,6,0.7867412007750318,0.8308230298030247,0.8476558753634866,0.8163317365561542,0.8871474664297714,282,0.8337398617854938
20,-34,0.3,0.4,6,0.7863722415071047,0.7930328780140926,0.722516660399683,0.629924934381,0.6342191564035865,282,0.7132131741410934
20,-34,0.3,0.1,12,0.7856921911522273,0.7854549674045673,0.6488635206515565,0.6517780390936968,0.5078207974688927,282,0.6759219031541882
20,-30,0.1,0.1,12,0.7856090716854132,0.7853446719711183,0.7294368174814007,0.6729412805359147,0.5475275783255186,282,0.7041718839998732
30,-30,0.3,0.1,18,0.7855635888984717,0.7880805791467166,0.6047541106818096,0.5465461266743311,0.24073822924457192,280,0.5931365269291803
20,-26,0.3,0.3,18,0.785531430614099,0.7798490824113564,0.6175754287236976,0.607026745837654,0.3137919468903439,282,0.6207549268954302
20,-30,0.3,0.25,12,0.7854508178080929,0.7879918312817874,0.6605051931756161,0.6234113020136052,0.5047063413815389,282,0.672413097132128
20,-30,0.2,0.3,6,0.7848981376157831,0.7951872918811658,0.7064827770309374,0.6524426979351341,0.5877634717851368,282,0.7053548752496315
30,-38,0.1,0.4,6,0.7843622521110325,0.8085526781783053,0.8039163884240661,0.7108162360834025,0.8239331793207407,282,0.7863161468235094
30,-26,0.3,0.3,6,0.7836537848545606,0.7806891929454036,0.6162779306013226,0.581926678856711,0.40901115992037373,282,0.6343117494356744
30,-26,0.3,0.3,12,0.7836537848545606,0.7806891929454036,0.6162779306013226,0.581926678856711,0.40901115992037373,282,0.6343117494356744
30,-26,0.3,0.2,18,0.7833849331021602,0.7794784987775953,0.5490800413714312,0.4739732395387459,0.21937010502016352,281,0.5610573635620193
20,-30,0.3,0.3,12,0.7830675253620184,0.8015138725574286,0.6861834031786195,0.645136562303678,0.546018062630553,282,0.6923838852064594
20,-30,0.3,0.2,12,0.7825419242524063,0.783429877431965,0.6521331409212613,0.6166243294700327,0.4941268984706796,282,0.665771234109269
30,-30,0.2,0.1,6,0.7822448024769562,0.7769954855643639,0.6689997724439032,0.6155887657144153,0.5163455370605939,282,0.6720348726520465
30,-26,0.2,0.1,18,0.7821576161056194,0.7997033468824782,0.5721882628974938,0.49087878891960085,0.3504090663755326,280,0.5990674162361449
20,-26,0.2,0.25,18,0.7821425560064527,0.7699696548829623,0.6394264875516815,0.6072404202959508,0.2997075063891661,282,0.6196973250252427
30,-46,0.1,0.25,6,0.7817831435020104,0.8267562453966968,0.8443116465872323,0.8201348917599119,0.8847001431119023,282,0.8315372140715507
30,-46,0.2,0.1,6,0.7812752704837385,0.8368059876025961,0.8512832220576082,0.7700668579713529,0.7925951874162813,282,0.8064053051063155
30,-30,0.1,0.25,6,0.7811937562152721,0.7886152228471037,0.7524287754618185,0.6639430009274035,0.5710130365679821,282,0.711438758403916
30,-30,0.1,0.2,6,0.7807828582207692,0.7880150424569218,0.7508096448362737,0.6646918873635501,0.5731342061587442,282,0.7114867278072519
20,-26,0.1,0.1,18,0.7806058654592103,0.7795930553129059,0.6577451518392792,0.6117229940119756,0.4224117000350372,282,0.6504157533316817
30,-46,0.1,0.1,6,0.7799011422467632,0.835034824082803,0.8726007779303554,0.8031208269339988,0.8533089960084063,282,0.8287933134404654
20,-30,0.1,0.1,6,0.7787899386064383,0.7778403387539993,0.727227317790679,0.6609073476296425,0.5407694767421138,282,0.6971068839045744
20,-26,0.3,0.25,6,0.7780766734233312,0.7740189192467011,0.5929205206705298,0.56396343760467,0.37116525250194476,282,0.6160289606894354
20,-26,0.3,0.25,12,0.7780766734233312,0.7740189192467011,0.5929205206705298,0.56396343760467,0.37116525250194476,282,0.6160289606894354
20,-26,0.1,0.1,6,0.7779433289197447,0.7709989663859711,0.6573074320036354,0.6126470362465283,0.5407106376440016,282,0.6719214802399762
20,-26,0.1,0.1,12,0.7779433289197447,0.7709989663859711,0.6573074320036354,0.6126470362465283,0.5407106376440016,282,0.6719214802399762
20,-30,0.1,0.2,6,0.7774094110973045,0.7890016621044188,0.7539840443298589,0.6663452253952902,0.579930200775336,282,0.7133341087404417
30,-26,0.2,0.2,6,0.7766263162245324,0.7549130277622237,0.6306102807283881,0.5702012855691596,0.4397421403467416,282,0.634418610126209
30,-26,0.2,0.2,12,0.7766263162245324,0.7549130277622237,0.6306102807283881,0.5702012855691596,0.4397421403467416,282,0.634418610126209
30,-46,0.2,0.2,6,0.776127095603358,0.8302944973547485,0.82708335943482,0.8024299601083386,0.852940518019437,282,0.8177750861041405
30,-42,0.1,0.4,6,0.7754578340685403,0.7983838720472741,0.7977873521564603,0.7708855107964577,0.888629509484037,282,0.8062288157105539
20,-30,0.2,0.1,12,0.7743368737197005,0.7746452325707865,0.6597146766136069,0.6373500442147219,0.5288124637501666,282,0.6749718581737965
30,-30,0.3,0.1,6,0.7734294944806924,0.76956895213029,0.6037410770147819,0.5604400162826703,0.4534048230580736,282,0.6321168725933016
20,-26,0.3,0.25,18,0.7727382659010112,0.7658922469027406,0.5895575893288908,0.5632132976784547,0.23931305935841823,282,0.5861428918339031
30,-46,0.2,0.25,6,0.7727277174661331,0.8257973710166208,0.828232061431932,0.8107965097440997,0.8580514213247976,282,0.8191210161967166
20,-30,0.1,0.25,6,0.7718953867759153,0.7868735829073341,0.7575120697799075,0.6644557760317179,0.5796149046823742,282,0.7120703440354498
30,-30,0.3,0.25,6,0.7707176086599915,0.7870467126501202,0.6621871323981986,0.6246269437646447,0.5030302264693266,282,0.6695217247884563
20,-30,0.3,0.1,18,0.7699855808080542,0.7758215981232401,0.5948263085775015,0.5709083070913504,0.1891034165420692,281,0.5801290422284431
20,-30,0.1,0.3,6,0.7699023704087599,0.7956431732752284,0.7673184276492149,0.6734665281581614,0.6090690525243291,282,0.7230799104031387
30,-26,0.3,0.25,18,0.768413521766869,0.7615029767597292,0.5956824044388177,0.5492005142270281,0.25293890505232675,282,0.5855476644489541
20,-30,0.3,0.3,6,0.7683205930912369,0.798735643042404,0.6818546346386876,0.6372454286087226,0.5450795996106793,282,0.686247179798346
20,-30,0.3,0.25,6,0.7681003249857696,0.7800204804990216,0.655677572991178,0.6157427855944783,0.5036973299676083,282,0.6646476988076111
20,-30,0.3,0.2,6,0.7671792368348801,0.7784817074217544,0.648084081205841,0.6102305298316545,0.493958955962278,282,0.6595869022512816
30,-26,0.3,0.25,6,0.7668632293513485,0.766743144688151,0.5959761478159327,0.5549646222368119,0.3823986121568774,282,0.6133891512498243
30,-26,0.3,0.25,12,0.7668632293513485,0.766743144688151,0.5959761478159327,0.5549646222368119,0.3823986121568774,282,0.6133891512498243
30,-30,0.2,0.3,6,0.7660734666125301,0.8054501003410486,0.7118031793469407,0.656791773517162,0.5840979323525217,282,0.7048432904340406
30,-30,0.3,0.3,6,0.7645443941784441,0.800133562189837,0.6779882269283951,0.6397338637731673,0.5357897668513887,282,0.6836379627842465
30,-30,0.2,0.2,6,0.7645010965010675,0.7839582520020021,0.6922242912264531,0.6449743246569424,0.5586192318117776,282,0.6888554392396485
20,-30,0.2,0.2,6,0.7643392542412489,0.7809855222956961,0.6834648379312828,0.6355629493814321,0.5545857930749695,282,0.6837876713849258
30,-30,0.3,0.2,6,0.7640082212618143,0.7805718025374313,0.6542919355196467,0.6164902963829743,0.4921297063143043,282,0.6614983924032342
20,-38,0.2,0.4,6,0.7626586952355121,0.7724416524316157,0.7032154540512571,0.6570928785221908,0.6440918624934042,282,0.707900108546796
20,-30,0.3,0.1,12,0.7619534797667965,0.7633963145294176,0.5990493442540126,0.5979567121866638,0.44214270635326897,282,0.6328997114180319
30,-30,0.2,0.25,6,0.7619064436831979,0.7871860655808164,0.6968960761317139,0.6475563021907618,0.5595134851157673,282,0.6906116745404514
20,-26,0.2,0.1,18,0.7611061061556911,0.789547738603381,0.5410681751978191,0.5145467444548267,0.28602706236964154,281,0.578459165356272
30,-26,0.2,0.1,6,0.7604354575245458,0.7579841539746562,0.5721945235752203,0.5118924101170497,0.4132845094087092,282,0.6031582109200363
30,-26,0.2,0.1,12,0.7604354575245458,0.7579841539746562,0.5721945235752203,0.5118924101170497,0.4132845094087092,282,0.6031582109200363
20,-30,0.2,0.25,6,0.7602671717689904,0.7819000544340202,0.692725712914423,0.6400266763847616,0.5563728011370489,282,0.6862584833278488
20,-26,0.3,0.2,6,0.7593172837207819,0.766592167044205,0.5805924211661065,0.5491266989353758,0.3512095962419478,282,0.6013676334216833
20,-26,0.3,0.2,12,0.7593172837207819,0.766592167044205,0.5805924211661065,0.5491266989353758,0.3512095962419478,282,0.6013676334216833
20,-46,0.2,0.1,6,0.7580503315352773,0.8178030853493222,0.8172316197467278,0.757961318834998,0.7842538948796358,282,0.7870600500691922
20,-26,0.3,0.2,18,0.7580050134624802,0.7625483948501303,0.5768286946135542,0.5433593819215062,0.24209853261257588,282,0.5765680034920493
20,-38,0.1,0.4,6,0.7568449353382047,0.7740692546400298,0.7316042612032928,0.668028125003534,0.6732842309893854,282,0.7207661614348894
20,-38,0.3,0.4,6,0.7564010930503605,0.7653513157063104,0.7251663446913529,0.6538438402561467,0.6380804822905359,282,0.7077686151989413
20,-30,0.2,0.1,6,0.7548885124642819,0.7667115634531888,0.6565564139556462,0.6231473970673329,0.5249288913772318,282,0.6652465556635363
30,-26,0.3,0.2,6,0.7519580308239784,0.7435222197275018,0.560634256703423,0.5122280207848906,0.3418004962829582,282,0.5820286048645504
30,-26,0.3,0.2,12,0.7519580308239784,0.7435222197275018,0.560634256703423,0.5122280207848906,0.3418004962829582,282,0.5820286048645504
30,-26,0.3,0.1,18,0.7505772792165843,0.7778411157852854,0.48255392209627074,0.4214525842598161,0.20814048079689562,276,0.5281130764309705
20,-26,0.2,0.1,6,0.7480952117224274,0.7533806251402131,0.5411180512300536,0.5250967154386113,0.394542898897961,282,0.5924467004858534
20,-26,0.2,0.1,12,0.7480952117224274,0.7533806251402131,0.5411180512300536,0.5250967154386113,0.394542898897961,282,0.5924467004858534
30,-42,0.1,0.3,6,0.7479334083252328,0.7669689643792944,0.8027803818938917,0.7664016490274477,0.8626455968110692,282,0.7893460000873872
30,-46,0.3,0.1,6,0.7445275388437504,0.808627166884956,0.7636604837607409,0.7210357363491114,0.6894767104546912,282,0.74546552725865
30,-46,0.3,0.2,6,0.7387540198163774,0.8012032583859068,0.8115135615269613,0.7751696926130567,0.7857022536905842,282,0.7824685572065773
20,-30,0.3,0.1,6,0.738243249002362,0.7505308309632744,0.5959466256669613,0.5853467263994241,0.4497153259356477,282,0.6239565515935339
30,-42,0.2,0.3,6,0.7370810752532476,0.7640403295272536,0.7834371746769038,0.7544463899603476,0.8264409658034104,282,0.7730891870442327
20,-26,0.3,0.1,18,0.7329831687184615,0.7712694927642109,0.43554616477153074,0.4599982270447497,0.14329917249170646,276,0.5086192451581318
30,-46,0.3,0.25,6,0.732356540285146,0.7984826824397084,0.8151518528344676,0.7869440506446155,0.8070801010533477,282,0.7880030454514572
30,-26,0.3,0.1,6,0.7303459973499153,0.7547374859537742,0.4795443393646211,0.4408744886197847,0.21048124465769338,278,0.5231967111891577
30,-26,0.3,0.1,12,0.7303459973499153,0.7547374859537742,0.4795443393646211,0.4408744886197847,0.21048124465769338,278,0.5231967111891577
20,-26,0.3,0.1,6,0.7303453437834301,0.7585250450501848,0.43231548344056453,0.47848061035959594,0.18673486576971757,277,0.5172802696806986
20,-26,0.3,0.1,12,0.7303453437834301,0.7585250450501848,0.43231548344056453,0.47848061035959594,0.18673486576971757,277,0.5172802696806986
30,-38,0.1,0.3,6,0.7282724103337732,0.7532371028118845,0.8002771603339376,0.6952679937078875,0.7648267719721104,282,0.7483762878319186
30,-38,0.2,0.3,6,0.7270911868364835,0.7535220537641001,0.7541362395922053,0.675274277235545,0.712588180877665,282,0.7245223876611998
20,-46,0.3,0.1,6,0.7269995261544493,0.8020392004831904,0.7589869482505254,0.7258947201708386,0.6870807413979659,282,0.740200227291394
30,-42,0.1,0.1,6,0.7252026736639096,0.7845278195821829,0.8195378610363372,0.7405232642836246,0.7794610986772806,282,0.7698505434486669
30,-42,0.2,0.1,6,0.7243266828213865,0.7878870690104319,0.7868913156650372,0.7069556186487279,0.7069879134956033,282,0.7426097199282374
30,-42,0.3,0.3,6,0.7230734609707861,0.7586729282188391,0.7732114311518584,0.7310551578154487,0.768715917807002,282,0.7509457791927868
20,-46,0.2,0.4,6,0.7230059156620937,0.7397969908481604,0.6416591445795176,0.6438699350569705,0.5557518456464694,282,0.6608167663586423
30,-42,0.1,0.2,6,0.7228239869315372,0.7774972286754263,0.7980532735582911,0.75344529849794,0.8200419130691377,282,0.7743723401464664
20,-46,0.1,0.1,6,0.7210104341667982,0.7517092067272213,0.7124156503326676,0.7778356238860789,0.7916448216331844,282,0.7509231473491901
20,-46,0.3,0.4,6,0.7158876855107118,0.7241360931321743,0.6191473282967864,0.6361526682077333,0.5354401131942901,282,0.6461527776683391
30,-42,0.1,0.25,6,0.7144302279938386,0.771758118636963,0.7960956263053697,0.7640272311268195,0.8228195695905697,282,0.7738261547307121
30,-42,0.2,0.2,6,0.7130094087013111,0.7772543876689882,0.7742750888478949,0.7317302187073158,0.763998141798926,282,0.7520534491448871
30,-34,0.2,0.3,6,0.710651473253028,0.7664709663033044,0.7300984564110855,0.635577594499845,0.647691736375373,282,0.6980980453685273
30,-34,0.1,0.3,6,0.7103973913343306,0.764243423068596,0.7847834239340802,0.654396489712893,0.6631881074798608,282,0.7154017671059522
30,-42,0.2,0.25,6,0.7088092810301522,0.7720549753044695,0.778945718805689,0.7504748453849321,0.7834444053116125,282,0.7587458451673711
20,-46,0.1,0.4,6,0.707160988258287,0.7352665637684964,0.650637372693053,0.6441322145364577,0.5453278265104757,282,0.656504993153354
30,-38,0.1,0.2,6,0.7047931242960509,0.7541866963717729,0.7775207424399172,0.6859657833515456,0.7223262715799021,282,0.7289585236078377
20,-34,0.1,0.3,6,0.703302139878588,0.7568563574340054,0.7770479021860593,0.6579167214849714,0.6608587255569137,282,0.7111963693081076
30,-38,0.1,0.25,6,0.7032712762485694,0.7516587825957082,0.7797761810397755,0.6918507282432126,0.7248127228698333,282,0.7302739381994198
20,-42,0.2,0.1,6,0.7008816920991124,0.7540723690332888,0.7249982215430814,0.6958543627846476,0.7078140764031734,282,0.7167241443726609
20,-46,0.3,0.2,6,0.7001329662987964,0.7409892483503049,0.7106703177481389,0.7328498153768702,0.7543971110752672,282,0.7278078917698755
30,-38,0.3,0.3,6,0.6998680243587853,0.7416520386957522,0.7421862641475047,0.6570587117023934,0.6699778582645448,282,0.702148579433796
20,-46,0.2,0.3,6,0.6984408942600083,0.7308655144751999,0.6647840703957041,0.7066104978549418,0.7000553914954125,282,0.7001512736962533
20,-34,0.2,0.3,6,0.6982882610754709,0.7510439649793986,0.7175013068436735,0.6352114562345194,0.6322523796911932,282,0.6868594737648511
30,-34,0.3,0.3,6,0.6980924076922171,0.7470477982201321,0.6987955539468961,0.6101015173598315,0.6092416798347537,282,0.6726557914107661
30,-38,0.1,0.1,6,0.6976526529351947,0.7459322410462187,0.7901777081137895,0.6767838107450411,0.6979281211303302,282,0.7216949067941149
20,-46,0.2,0.2,6,0.6922291386043589,0.7296482807821209,0.6961968313457212,0.7425450157397149,0.7704380076862404,282,0.7262114548316312
30,-34,0.1,0.25,6,0.6917334727009332,0.7409602366126787,0.774416023176762,0.6511185159282855,0.6312138357428523,282,0.6978884168323024
20,-34,0.3,0.3,6,0.6913110428008341,0.7465472196642581,0.6962366477684798,0.616789267183884,0.600771760381634,282,0.6703311875598181
20,-46,0.3,0.3,6,0.6912588666974403,0.7180731703334933,0.6508323656312051,0.7008309154043865,0.7040828512461229,282,0.6930156338625296
30,-34,0.2,0.25,6,0.6910049433981109,0.7433713739483735,0.7196319789240535,0.6317688536342568,0.6144315012615712,282,0.6800417302332732
30,-34,0.2,0.2,6,0.6906942428054892,0.7439998176976181,0.7118601021310824,0.6247524367903042,0.6088389692415073,282,0.6760291137332002
30,-34,0.1,0.2,6,0.6905862298533089,0.7420403433742202,0.7766902311842097,0.6462475635598042,0.6273971831831257,282,0.6965923102309336
30,-38,0.2,0.25,6,0.6899257721603855,0.7527053791054945,0.7343662844463084,0.6703432306797544,0.6803059747784544,282,0.7055293282340794
30,-34,0.1,0.1,6,0.6891085136873372,0.7291850287278667,0.76842232958369,0.6344937647382006,0.6012752910525507,282,0.684496985557929
30,-42,0.3,0.25,6,0.6887122788114388,0.7538250438489571,0.7640618081400766,0.7218764416243753,0.717227553685275,282,0.7291406252220245
30,-38,0.2,0.2,6,0.688036542604342,0.7549986459074145,0.729909411691206,0.6632650345410771,0.6719472662605592,282,0.7016313802009198
20,-46,0.1,0.3,6,0.6880204371673309,0.7235357593009871,0.6655793054958247,0.7036197456538912,0.6498038842972185,282,0.6861118263830506
30,-42,0.3,0.2,6,0.6872338370949064,0.7558462961323419,0.753269738224647,0.7017628856084899,0.6813337978931295,282,0.715889310990703
30,-34,0.2,0.1,6,0.6863504657661368,0.7335317806980377,0.6856886215703831,0.6100746130839467,0.5816291694380145,282,0.6594549301113037
20,-38,0.1,0.3,6,0.6857218224468996,0.7312520511890792,0.7373958603349404,0.6678448326283597,0.6840196844478027,282,0.7012468502094162
30,-42,0.3,0.1,6,0.6850431165402269,0.7570796406806752,0.7151181842123564,0.6731583335254604,0.6338277678909946,282,0.6928454085699427
20,-46,0.3,0.25,6,0.6849612740693862,0.7162034280275729,0.674201217644609,0.7170613929286228,0.7407392057792875,282,0.7066333036898956
30,-38,0.2,0.1,6,0.6847837734762185,0.7514650574842828,0.7379035956299188,0.6496486530707675,0.6406059053528118,282,0.6928813970027998
20,-38,0.2,0.3,6,0.6822811063874457,0.7244857219345231,0.6945375681646003,0.649990605645584,0.655542176468631,282,0.6813674357201568
20,-34,0.2,0.2,6,0.6808902606064318,0.7334233245003489,0.7004293269874898,0.6230357286725123,0.6027584193397593,282,0.6681074120213084
20,-46,0.2,0.25,6,0.6807425182738002,0.7191109990176433,0.6802902511051665,0.7264786191435647,0.756841808026656,282,0.7126928391133661
20,-34,0.2,0.25,6,0.6797779591594628,0.7303551974472735,0.7061954453742184,0.6337791527961675,0.608851356542824,282,0.6717918222639891
20,-34,0.1,0.2,6,0.6759781012689821,0.7358888410767547,0.7709753761641104,0.6509279209850571,0.6287846305364337,282,0.6925109740062676
30,-34,0.3,0.25,6,0.6755193039081475,0.7351494585881957,0.6832239810296324,0.6013628529933615,0.5695956573462229,282,0.6529702507731121
20,-46,0.1,0.2,6,0.6753882602032769,0.7029995515039906,0.6682050326171152,0.7383277140060326,0.717844935902339,282,0.7005530988465509
20,-34,0.1,0.1,6,0.6751068311509283,0.727529565953821,0.7660039242912815,0.643587496234619,0.5949114142609402,282,0.6814278463783179
20,-34,0.1,0.25,6,0.6748135042932523,0.7329067677216827,0.772337125308088,0.6578578898856325,0.6330964523802179,282,0.6942023479177747
20,-42,0.3,0.1,6,0.6737767811351235,0.742676471452133,0.7000140436480485,0.6719603405710811,0.6321376455883405,282,0.6841130564789454
30,-34,0.3,0.2,6,0.6727435904476753,0.7338305669071844,0.6754276798135834,0.5939550209192888,0.5629715547413378,282,0.6477856825658139
20,-38,0.1,0.1,6,0.6724945713845994,0.7245478907985115,0.7426301283052097,0.6719667612970529,0.6907334972086434,282,0.7004745697988033
30,-38,0.3,0.25,6,0.67237974371541,0.7308903064722273,0.717647166524734,0.6469539600981637,0.6327377060650566,282,0.6801217765751183
20,-38,0.3,0.3,6,0.6704723900658408,0.7249352723212835,0.7098423406337413,0.6412545530210766,0.6440167952621857,282,0.6781042702608255
30,-38,0.3,0.2,6,0.668644441944033,0.7294603765833378,0.709349233348122,0.6374411837699089,0.6201837861500586,282,0.6730158043590921
20,-38,0.1,0.2,6,0.668148755525461,0.7059966373684031,0.7275586433828435,0.6683028868783806,0.6876988372148807,282,0.6915411520739938
20,-34,0.2,0.1,6,0.667943234127688,0.725799964337282,0.6733832938733066,0.6153029013357374,0.582488193199319,282,0.6529835173746666
20,-38,0.2,0.2,6,0.6651715678916335,0.7049242760825634,0.6820226324173552,0.6440766001876109,0.6495179098551612,282,0.6691425972868649
20,-42,0.2,0.4,6,0.6650345336856124,0.6988476596228742,0.5846613424376196,0.5667920259520551,0.5105493748846209,282,0.6051769873165564
20,-34,0.3,0.25,6,0.6624099032587782,0.7265884124638701,0.6788275834128197,0.6098476860795469,0.5656448270375197,282,0.648663682450507
20,-38,0.1,0.25,6,0.662334285763039,0.70191430921228,0.7247086685687099,0.6725985878151037,0.6851435965104462,282,0.6893398895739159
20,-38,0.3,0.2,6,0.6615403045973703,0.7109283635504514,0.681617309681513,0.6290125497892757,0.6132160233909805,282,0.6592629102019181
20,-34,0.3,0.2,6,0.6612688897422007,0.7298044289996221,0.6709972236622105,0.5986839905946976,0.5589242245470919,282,0.6439357515091645
20,-38,0.2,0.1,6,0.65885837677348,0.7332350028877557,0.7129755745353448,0.6377624510242502,0.63444020793553,282,0.6754543226312721
20,-42,0.1,0.4,6,0.6586843229832693,0.697292763894847,0.6007738259828304,0.5709757157705128,0.5057398801273639,282,0.6066933017517646
20,-38,0.2,0.25,6,0.6580269903635865,0.6970200438774972,0.6847112929937832,0.6523043916725095,0.6556829485018105,282,0.6695491334818373
20,-38,0.3,0.25,6,0.6576671135594919,0.706072153167545,0.6975016232818323,0.6385387048992431,0.623370989057085,282,0.6646301167930394
30,-34,0.3,0.1,6,0.655785893474711,0.7064233238436214,0.6290913254701098,0.5771419097159368,0.5298353499378209,282,0.61965556048844
30,-38,0.3,0.1,6,0.6544359254214134,0.7281410769253549,0.674920642920704,0.6135187557182344,0.5802349046533231,282,0.6502502611278059
20,-42,0.3,0.2,6,0.6514788943723743,0.6789221434284841,0.6525335876138856,0.6581144739306356,0.6611649051002005,282,0.660442800889116
20,-42,0.3,0.4,6,0.6514545323675742,0.6806744957724346,0.5774025806764861,0.5618687843247943,0.491552319756938,282,0.5925905425796454
20,-46,0.1,0.25,6,0.6426549592589413,0.7020552349230006,0.6654220757997027,0.7233041728785342,0.7057154051825366,282,0.687830369608543
20,-42,0.3,0.25,6,0.6421651645989098,0.6566223506576127,0.6188716599335771,0.6407385660773016,0.6583556524777787,282,0.643350678749036
20,-42,0.2,0.2,6,0.6419274553801891,0.658353712549801,0.6182997677860642,0.6630399834757417,0.6872826324365485,282,0.653780710325669
20,-42,0.1,0.1,6,0.640737657370563,0.6736359083695981,0.6486867498125228,0.7092282745050174,0.7199773136498666,282,0.6784531807415136
20,-38,0.3,0.1,6,0.6398110323991673,0.7231519280715658,0.6753263531019741,0.6146112801775254,0.5721447048430437,282,0.6450090597186553
20,-42,0.3,0.3,6,0.6353621334421028,0.6575562598645214,0.6008013121230589,0.6197691137903806,0.625222857258091,282,0.627742335295631
20,-34,0.3,0.1,6,0.6254481257605006,0.7115097355630283,0.6273781592340099,0.5815257065483784,0.5258176260874502,282,0.6143358706386735
20,-42,0.2,0.25,6,0.6251903337476673,0.6500106667660306,0.6103843815976286,0.6492154564947192,0.6892945275456457,282,0.6448190732303383
20,-42,0.2,0.3,6,0.6170111399823758,0.667891532832084,0.6013063510771575,0.625614690618207,0.6275132935305441,282,0.6278674016080737
20,-42,0.1,0.3,6,0.5971127270596056,0.6512348478823957,0.6110203334629019,0.6272036356424119,0.5858401950635816,282,0.6144823478221794
20,-42,0.1,0.2,6,0.5733087401776931,0.6187013331289094,0.6037859257849894,0.6625751641824803,0.6431806884406164,282,0.6203103703429378
20,-42,0.1,0.25,6,0.562517494458266,0.6208258078822505,0.6053479729330087,0.6500322626765545,0.6390949518533633,282,0.6155636979606885
